Model,Parameters,AIC,BIC,Test RMSE,CV RMSE
ARIMA,"(1, 1, 0)",742.7283027878158,751.3590187908604,2.176293038354233,2.3498931015689952
SARIMA,"(1, 1, 0)x(1, 0, 1, 30)",708.9293287319854,721.7023314956333,2.17894044971582,2.35962739336423
